Driver,B3,SK,PP,WH,FB,LD,UN,KN,OE,WA,CE,BF
Yes,1.3636363636363638,1.4,1.3,1.3,1.3,1.5,1.4444444444444444,1.4444444444444444,1.3333333333333333,1.3636363636363638,1.5,1.0303030303030303
No Retirement,2,2.75,3.2,3.4,3.2,2.4,2.6,2.6,3.25,2.875,2.4,1.125
