Driver,B3,SK,PP,WH,FB,LD,UN,KN,OE,WA,CE,BF,B3_probability,SK_probability,PP_probability,WH_probability,FB_probability,LD_probability,UN_probability,KN_probability,OE_probability,WA_probability,CE_probability,BF_probability,average_probability,normalized_probability,game_points,xPts
Yes,1.3636363636363638,1.4,1.3,1.3,1.3,1.5,1.4444444444444444,1.4444444444444444,1.3333333333333333,1.3636363636363638,1.5,1.0303030303030305,0.4230769230769231,0.4166666666666667,0.4347826086956522,0.4347826086956522,0.4347826086956522,0.4,0.40909090909090906,0.40909090909090906,0.4285714285714286,0.4230769230769231,0.4,0.49253731343283585,0.42553824159112935,59.951430395515416,1.5,0.8992714559327313
No Retirement,2.0,2.75,3.2,3.4,3.2,2.4,2.6,2.6,3.25,2.875,2.4,1.125,0.3333333333333333,0.26666666666666666,0.23809523809523808,0.22727272727272727,0.23809523809523808,0.29411764705882354,0.2777777777777778,0.2777777777777778,0.23529411764705882,0.25806451612903225,0.29411764705882354,0.47058823529411764,0.2842667435172179,40.04856960448459,2.5,1.0012142401121147
