Driver,B3,SK,PP,WH,FB,VC,LD,UN,KN,OE,WA,CE,VT,BF,B3_probability,SK_probability,PP_probability,WH_probability,FB_probability,VC_probability,LD_probability,UN_probability,KN_probability,OE_probability,WA_probability,CE_probability,VT_probability,BF_probability,average_probability,normalized_probability,game_points,xPts
Yes,1.3636363636363638,1.3636363636363638,1.3,1.3333333333333333,1.3,1.3636363636363638,1.5,1.4444444444444444,1.4444444444444444,1.3333333333333333,1.3636363636363638,1.5,1.3529411764705883,1.4444444444444444,0.4230769230769231,0.4230769230769231,0.4347826086956522,0.4285714285714286,0.4347826086956522,0.4230769230769231,0.4,0.40909090909090906,0.40909090909090906,0.4285714285714286,0.4230769230769231,0.4,0.425,0.40909090909090906,0.419377749579613,58.85276563416242,1.5,0.8827914845124363
No Retirement,2.0,2.0,2.0,3.25,2.0,2.0,2.4,2.6,2.6,3.25,2.875,2.4,2.947368421052632,2.2,0.3333333333333333,0.3333333333333333,0.3333333333333333,0.23529411764705882,0.3333333333333333,0.3333333333333333,0.29411764705882354,0.2777777777777778,0.2777777777777778,0.23529411764705882,0.25806451612903225,0.29411764705882354,0.2533333333333333,0.3125,0.293210257221168,41.147234365837576,2.5,1.0286808591459393
